fpr,tpr,threshold
0.0,0.0,inf
0.006415094339622641,0.0,0.75
0.03132075471698113,0.035849056603773584,0.625
0.11320754716981132,0.18490566037735848,0.375
0.15811320754716982,0.27547169811320754,0.25
0.3411320754716981,0.6132075471698113,0.18799999356269836
0.5132075471698113,0.8735849056603774,0.06300000101327896
1.0,1.0,0.0
